city,country,apartment_1bed_city_centre,apartment_1bed_outside_centre,apartment_3bed_city_centre,apartment_3bed_outside_centre,apples_1kg,average_salary_net,banana_1kg,beef_round_1kg,bread_500g,cappuccino,cheese_1kg,chicken_breasts_1kg,cigarettes_marlboro,cinema_ticket,coke_pepsi_bottle,domestic_beer_bottle,domestic_beer_draught,eggs_12,fitness_club_monthly,gasoline_1_liter,imported_beer_bottle,internet_unlimited,jeans_levis,lettuce_head,mcmeal_mcdonalds,meal_inexpensive_restaurant,meal_mid_range_restaurant,men_leather_shoes,milk_1_liter,mobile_tariff_minute,monthly_pass_transport,mortgage_interest_rate,nike_shoes,one_way_ticket_transport,onion_1kg,oranges_1kg,potato_1kg,preschool_monthly,primary_school_yearly,rice_1kg,sqm_price_city_centre,sqm_price_outside_centre,summer_dress_chain_store,taxi_1km,taxi_start,taxi_waiting_1hour,tennis_court_hourly,tomato_1kg,toyota_corolla,utilities_basic_apartment,volkswagen_golf,water_033_bottle,water_15_bottle,wine_bottle
Saint Petersburg,Russia,524.45,344.27,1012.53,615.19,1.29,645.94,0.89,7.18,0.71,1.96,7.6,3.96,2.2,5.14,0.76,0.88,2.2,1.18,26.27,0.67,1.89,6.96,71.86,0.86,4.4,7.34,29.35,100.72,0.98,0.03,42.56,10.29,74.88,0.59,0.48,1.25,0.56,411.83,5388.86,0.92,2476.05,1507.7,38.25,0.26,1.47,4.4,18.33,1.91,19305.29,102.17,19289.39,,0.63,5.87
Istanbul,Turkey,291.55,177.72,545.5,314.98,0.85,436.0,1.91,9.73,0.36,1.84,5.32,3.5,2.75,3.82,0.64,1.79,3.06,1.62,25.1,1.05,2.48,14.2,36.15,0.61,3.82,4.58,15.28,50.58,0.71,0.11,31.32,19.08,61.31,0.41,0.62,0.86,0.59,282.94,6905.43,1.3,1315.18,657.05,25.91,0.47,0.76,3.59,15.66,0.8,20874.72,59.33,24443.15,,0.33,7.64
Izmir,Turkey,212.22,128.36,353.76,225.34,0.77,392.07,1.78,8.61,0.38,1.56,4.97,3.05,2.29,3.06,0.61,1.63,2.29,1.51,20.64,1.04,2.09,12.89,33.2,0.57,3.06,3.06,12.22,42.2,0.65,0.09,22.92,22.23,52.74,0.46,0.58,0.73,0.52,212.18,4948.41,1.31,856.54,508.14,22.48,0.57,0.61,3.51,11.67,0.7,20898.83,51.07,24443.15,,0.29,6.11
Helsinki,Finland,986.93,758.13,1819.32,1271.16,2.1,2382.56,1.61,12.34,2.27,3.87,6.87,9.42,7.7,14.0,2.66,2.23,6.5,2.02,34.54,1.54,2.95,22.31,83.41,2.3,8.0,12.0,65.0,120.97,0.96,0.07,59.7,1.38,82.49,2.8,1.25,1.75,0.91,351.6,1641.0,2.13,7444.54,4099.36,31.41,1.0,6.0,47.04,24.72,2.91,24402.77,82.66,22000.0,,1.54,12.0
Chisinau,Moldova,244.49,177.96,428.67,330.84,0.7,286.95,1.37,5.37,0.33,1.25,5.79,3.55,1.56,5.19,0.64,0.77,1.04,1.11,26.64,0.98,1.38,8.58,56.54,0.84,4.15,4.67,20.74,94.38,0.68,0.07,9.33,9.42,86.25,0.1,0.59,1.22,0.56,210.52,2679.3,0.93,904.82,589.13,35.37,0.18,1.3,3.11,12.1,1.56,17238.13,113.46,16335.12,,0.59,3.61
Milan,Italy,1099.67,731.69,2311.84,1428.3,2.13,1601.0,1.99,17.75,1.94,1.46,13.54,8.83,5.5,10.0,2.49,1.2,5.0,2.87,66.62,1.59,2.01,28.93,86.65,1.27,8.0,15.0,60.0,135.8,1.21,0.18,39.0,1.95,86.32,2.0,1.27,2.05,1.28,617.27,10761.9,2.25,8221.95,3719.51,32.8,1.12,5.0,28.32,22.96,2.45,23233.33,163.97,22400.0,,0.4,7.0
Cairo,Egypt,188.0,109.76,352.74,229.29,1.31,221.7,0.66,8.06,0.51,1.65,3.16,4.18,2.26,4.51,0.29,1.4,1.69,1.04,26.19,0.45,2.06,14.77,42.38,0.28,4.51,3.38,17.48,56.92,0.84,0.01,11.28,13.42,114.98,0.28,0.34,0.39,0.47,121.15,2781.29,0.65,695.67,407.03,44.32,0.17,0.39,1.13,7.07,0.35,21020.29,25.79,25098.6,,0.29,10.72
Banja Luka,Bosnia And Herzegovina,219.72,159.73,398.18,259.32,0.86,430.69,1.06,7.43,0.63,0.85,4.76,3.97,2.81,2.55,1.18,0.5,1.02,1.47,20.7,1.17,0.86,21.34,63.44,0.55,3.58,3.58,22.99,74.25,0.69,0.1,22.48,4.46,73.77,0.92,0.64,1.18,0.55,128.7,1348.77,1.05,1328.34,1008.17,26.64,0.77,1.02,7.66,9.38,0.94,16529.98,141.04,16859.68,,0.48,4.34
Baku,Azerbaijan,290.07,157.97,608.91,299.45,0.69,294.03,1.22,6.15,0.26,2.15,3.54,2.92,2.11,3.69,0.37,0.76,0.84,1.03,30.43,0.49,1.94,15.51,43.59,0.42,4.22,5.27,23.73,76.12,0.83,0.03,9.63,8.21,93.36,0.16,0.39,1.26,0.46,208.84,5657.01,1.05,1307.4,647.53,40.16,0.32,0.84,1.58,16.73,0.83,18564.59,42.65,15558.4,,0.43,4.75
Guadalajara,Mexico,309.42,186.98,634.96,388.33,1.96,498.68,0.94,6.88,1.35,1.99,4.09,4.65,2.48,3.58,0.66,0.82,1.43,1.25,24.59,1.0,1.48,27.53,40.8,0.73,4.25,5.25,23.86,57.71,0.87,0.06,18.67,11.24,68.04,0.43,1.03,1.02,1.0,145.75,2826.61,1.04,1016.15,922.24,29.7,0.46,1.43,7.16,9.71,0.98,15579.09,22.64,16535.22,,0.73,7.16
Kathmandu,Nepal,155.63,100.89,295.43,186.01,1.69,184.17,0.9,4.39,0.43,1.54,7.48,3.69,1.99,3.06,0.45,1.78,2.38,1.29,24.02,0.87,2.5,16.66,24.3,0.28,5.56,1.99,11.92,38.55,0.67,0.02,7.15,11.06,49.71,0.16,0.41,0.95,0.32,55.92,1154.07,0.79,1228.74,596.05,27.81,0.6,1.99,2.78,8.5,0.5,46216.93,24.92,29976.83,,0.28,6.75
Hanoi,Vietnam,318.43,192.28,608.96,426.13,2.71,354.62,0.85,7.92,0.71,1.57,14.41,3.36,1.11,3.69,0.45,0.65,0.78,1.31,24.06,0.79,1.18,9.41,30.9,0.58,3.88,1.94,15.52,67.54,1.32,0.06,7.76,8.39,73.25,0.27,0.91,1.63,0.92,166.55,8021.9,0.79,1791.94,936.95,28.7,0.43,0.39,1.16,6.68,0.94,33491.64,67.49,38808.39,,0.59,7.76
Ho Chi Minh City,Vietnam,421.19,284.19,971.4,588.11,2.37,347.14,0.77,9.69,0.66,1.72,11.35,2.45,0.97,3.5,0.43,0.73,0.78,1.26,21.48,0.8,1.13,10.42,37.62,0.72,3.87,1.94,17.5,66.79,1.21,0.08,5.83,9.15,81.51,0.23,0.92,1.18,0.93,109.65,7237.44,0.71,2317.13,1102.68,29.14,0.54,0.47,1.17,6.82,0.77,30780.17,51.25,38894.22,,0.47,9.72
Mexico City,Mexico,550.18,342.38,1139.78,734.62,1.93,596.3,0.95,6.9,1.44,2.0,4.93,4.41,2.48,3.82,0.61,1.08,1.91,1.36,49.56,0.98,2.15,26.34,41.62,0.76,4.77,4.77,23.86,72.78,0.91,0.06,14.32,11.28,73.85,0.29,1.13,0.82,1.07,211.05,4721.73,0.95,2188.9,1438.46,32.29,0.29,0.62,4.94,16.17,1.05,14844.85,30.09,16702.48,,0.66,7.16
Rome,Italy,987.37,679.27,1870.0,1176.32,1.88,1466.06,1.77,14.54,1.54,1.28,12.33,8.32,5.5,8.5,1.87,1.02,5.0,2.96,57.77,1.57,1.57,29.64,80.36,1.0,8.0,15.0,55.0,116.65,1.28,0.18,35.0,2.12,79.79,1.5,1.29,1.84,1.33,523.86,11972.73,2.02,6421.74,2926.09,31.39,1.41,4.0,27.0,16.81,2.04,23535.29,171.15,20700.0,,0.38,6.0
Monterrey,Mexico,342.55,207.9,757.86,461.34,2.14,695.46,0.88,6.01,1.51,2.28,5.2,4.72,2.49,3.59,0.69,0.94,1.68,1.6,34.28,0.97,1.41,25.84,40.51,0.79,4.31,5.75,23.94,61.59,0.91,0.05,17.96,10.25,66.7,0.57,1.44,1.01,1.21,198.98,4080.55,0.87,1021.06,632.67,28.55,0.38,0.67,7.18,10.37,1.23,14421.34,49.81,16424.2,,0.79,9.58
Yekaterinburg,Russia,332.66,232.83,549.9,394.59,1.29,537.99,0.97,6.79,0.43,1.65,6.29,3.87,1.91,3.68,0.77,0.86,1.47,0.92,35.51,0.65,1.33,7.61,62.56,0.52,4.12,5.88,29.42,91.27,0.75,0.02,29.42,10.56,74.23,0.41,0.41,1.21,0.43,199.74,3166.47,0.83,1412.29,955.57,38.29,0.21,1.47,3.53,16.31,1.31,18832.1,113.13,19857.48,,0.46,6.99
Sarajevo,Bosnia And Herzegovina,254.49,170.61,510.21,307.2,0.94,486.12,1.13,7.66,0.52,1.28,5.58,3.85,2.81,3.57,1.36,0.62,1.79,1.49,26.5,1.19,1.0,22.77,53.86,0.51,4.08,3.57,20.42,86.28,0.7,0.12,27.06,4.6,71.16,0.92,0.63,1.22,0.57,164.67,3431.24,1.05,1690.41,994.5,29.39,0.61,0.97,5.11,10.58,1.13,17681.12,140.53,17868.62,,0.51,4.59
Kharkiv,Ukraine,346.56,217.86,615.91,392.63,0.56,337.4,0.98,4.84,0.41,1.03,6.47,3.48,1.43,3.75,0.38,0.66,0.88,1.0,18.58,1.09,1.18,5.57,64.99,0.68,3.75,4.5,18.76,105.76,0.85,0.03,11.42,19.1,90.65,0.3,0.39,1.08,0.38,176.48,2033.83,0.97,961.38,525.36,42.65,0.26,1.5,3.38,8.27,0.95,21067.14,117.46,22507.19,,0.4,3.75
Kiev,Ukraine,589.81,340.8,988.82,560.35,0.59,516.75,1.06,5.65,0.58,1.17,7.07,3.92,1.65,4.31,0.58,0.75,1.13,1.13,20.92,1.12,1.32,5.11,64.03,0.85,3.75,5.63,22.51,110.43,0.93,0.04,12.19,19.52,98.26,0.3,0.55,1.11,0.5,254.74,7483.6,1.04,1652.8,802.55,40.73,0.26,1.69,3.0,11.48,1.57,20758.91,98.74,21608.29,,0.49,3.75
Calgary,Canada,833.74,661.22,1352.81,1045.82,2.8,2956.33,1.21,10.19,1.83,3.14,9.53,9.17,11.0,9.62,1.63,2.53,4.81,2.19,40.58,0.72,2.75,54.67,42.31,1.63,6.87,13.75,42.97,84.89,1.35,0.19,72.87,3.48,66.55,2.34,1.58,2.76,1.5,780.68,10418.14,2.0,3412.99,2123.54,30.61,1.15,2.61,19.8,16.06,2.42,15976.18,132.57,17186.61,,1.59,10.31
Tunis,Tunisia,173.76,121.37,331.41,244.12,1.42,285.79,1.54,8.04,0.1,0.67,6.52,3.39,2.08,3.19,0.5,0.74,1.6,0.82,22.1,0.63,0.9,17.03,39.79,0.28,3.19,1.92,12.78,45.83,0.39,0.06,9.58,9.23,71.6,0.16,0.49,0.6,0.5,72.31,1644.93,0.56,714.1,504.39,37.3,0.32,0.16,4.79,6.44,0.53,21400.1,30.66,21863.24,,0.22,4.79
Edmonton,Canada,841.34,680.79,1340.62,1052.03,2.68,2552.22,1.11,9.78,1.82,2.95,7.4,8.45,9.62,9.62,1.48,1.54,4.12,2.2,38.6,0.71,2.37,52.56,45.49,1.72,6.53,13.75,48.12,83.04,1.57,0.23,66.68,3.62,64.09,2.41,1.53,2.54,2.14,588.27,6840.27,2.53,2283.92,1715.29,33.79,1.13,2.58,20.62,13.33,3.09,16049.12,154.54,16499.14,,1.24,10.31
Amsterdam,Netherlands,1584.45,1195.63,2683.74,1884.0,2.27,2646.66,1.75,13.68,1.43,3.13,11.93,8.79,7.0,12.0,2.35,1.26,5.0,2.64,36.67,1.66,2.07,40.47,84.49,1.03,8.0,15.0,65.0,133.43,1.02,0.18,97.0,2.33,93.85,3.2,1.27,1.77,1.54,1542.42,13010.39,1.9,7733.98,4988.62,37.62,2.35,5.0,40.33,25.64,2.36,26696.43,169.18,25505.0,,0.83,5.99
Belgrade,Serbia,341.08,216.64,652.24,395.57,0.72,437.24,0.98,6.65,0.42,1.41,5.03,4.51,2.8,4.24,1.34,0.61,1.7,1.37,24.61,1.35,1.1,21.45,65.5,0.38,5.09,5.39,24.62,92.13,0.79,0.1,27.17,3.99,74.8,0.76,0.5,1.03,0.52,245.94,4803.12,1.09,2502.53,1345.89,27.28,0.55,1.44,6.37,12.13,1.02,17474.32,135.76,17828.77,,0.43,4.24
Odessa,Ukraine,344.01,232.04,599.79,405.27,0.65,360.47,1.05,5.65,0.45,1.19,6.61,3.92,1.51,4.52,0.57,0.68,0.94,1.18,20.84,1.09,1.37,5.73,74.37,0.82,3.67,5.65,20.67,107.27,0.97,0.03,6.77,19.0,97.01,0.26,0.47,1.36,0.46,210.98,2358.66,0.97,1107.23,645.76,50.34,0.26,1.88,4.52,9.45,1.35,21373.22,94.58,21584.23,,0.48,3.01
Paris,France,1177.51,837.76,2597.17,1736.93,3.04,2215.02,2.11,18.89,1.52,3.4,18.14,12.98,8.8,11.0,3.14,1.78,7.0,3.4,39.98,1.56,2.27,27.15,86.04,1.3,8.7,15.0,50.0,135.0,1.24,0.19,75.0,1.63,92.46,1.9,2.28,2.64,1.98,877.75,12939.69,1.79,11203.03,8334.37,36.0,1.35,5.0,39.02,20.05,2.82,24250.0,170.29,21500.0,,0.9,8.0
Eindhoven,Netherlands,965.16,838.0,1513.54,1245.65,2.23,2603.84,1.7,14.64,1.09,2.63,10.23,8.44,7.0,12.0,2.41,1.19,5.0,2.44,24.24,1.62,1.78,36.18,81.36,1.04,8.0,15.0,56.5,110.76,0.93,0.11,72.0,2.41,78.11,3.99,1.3,1.55,1.56,1221.3,4787.5,1.87,3471.67,2559.09,29.35,3.0,3.19,36.0,19.11,2.44,25728.62,168.08,24830.0,,0.81,5.99
Plovdiv,Bulgaria,240.77,179.23,412.1,290.7,0.89,514.73,1.3,6.03,0.56,1.27,5.03,4.73,2.81,5.61,0.95,0.62,1.28,1.53,24.85,1.15,1.02,11.57,42.91,0.42,4.59,5.1,20.42,66.04,1.03,0.14,20.42,4.11,69.62,0.51,0.64,1.16,0.55,225.8,3725.87,1.08,950.91,693.33,24.77,0.43,0.5,6.12,11.18,1.32,17879.91,79.71,17863.74,,0.5,5.1
Thessaloniki,Greece,336.96,269.45,543.56,440.83,1.15,660.51,1.47,8.26,0.91,3.21,7.52,6.68,4.5,8.0,1.46,1.14,3.5,3.03,31.3,1.56,1.93,30.22,74.39,0.81,6.5,10.0,35.0,87.5,1.11,0.44,30.0,4.56,71.64,1.0,0.77,1.13,0.71,301.04,6775.0,1.52,1745.83,1279.03,27.6,1.0,3.5,11.81,9.98,1.16,18173.5,160.39,18500.0,,0.78,6.5
Ottawa,Canada,961.81,745.27,1642.15,1256.39,2.7,2904.67,1.06,10.43,1.94,2.85,8.14,9.04,9.97,9.62,1.39,1.57,4.81,2.08,40.21,0.81,1.94,43.85,45.53,1.75,6.87,11.0,55.0,99.17,1.44,0.18,80.09,3.63,72.18,2.41,1.44,3.06,1.44,782.15,9040.16,2.42,3379.74,2010.41,34.91,1.21,2.65,13.67,16.84,2.36,16072.54,102.76,17186.61,,1.21,10.31
Sofia,Bulgaria,370.72,285.96,665.27,479.09,1.01,708.65,1.28,7.33,0.56,1.25,5.99,5.01,2.86,6.14,0.84,0.7,1.53,1.73,24.34,1.16,1.29,10.38,55.98,0.64,4.6,6.14,25.57,71.3,1.04,0.15,25.57,3.51,67.24,0.82,0.59,1.16,0.61,325.23,4753.12,1.08,1560.46,1049.71,27.08,0.41,0.41,6.75,11.08,1.41,18183.2,89.74,19518.73,,0.54,4.6
Rotterdam,Netherlands,1103.13,844.33,1845.83,1230.43,2.09,2312.39,1.73,12.69,1.12,2.73,9.64,7.9,7.0,12.0,2.09,0.94,4.0,2.2,28.8,1.65,1.54,38.2,84.5,1.03,8.0,13.0,50.0,130.28,0.89,0.13,70.42,2.21,85.25,4.0,1.21,1.47,1.28,1116.67,10142.86,1.7,3648.71,2604.81,31.55,2.17,3.0,25.0,19.25,2.47,23899.0,153.76,23600.0,,0.73,5.0
Varna,Bulgaria,235.36,170.63,440.04,305.21,1.01,511.5,1.39,7.4,0.51,1.23,4.91,4.5,2.81,6.12,0.87,0.6,1.02,1.5,22.19,1.12,0.99,11.2,38.91,0.62,4.08,6.12,20.42,63.31,1.02,0.13,20.42,4.28,58.15,0.51,0.54,1.15,0.52,263.81,3585.51,1.05,1016.49,682.83,25.6,0.45,0.56,7.66,10.43,1.27,17065.34,75.54,18374.14,,0.47,4.59
Novi Sad,Serbia,262.4,195.75,451.15,302.16,0.71,439.58,1.1,5.87,0.43,1.11,4.62,4.3,2.72,3.4,1.15,0.56,1.5,1.24,22.89,1.34,0.99,19.3,61.05,0.39,4.42,4.84,17.85,82.88,0.76,0.09,20.0,3.49,71.99,0.55,0.51,1.09,0.49,167.1,2644.23,1.03,1569.73,1090.36,31.26,0.48,0.85,4.25,6.02,0.88,17816.21,122.93,20402.08,,0.43,4.04
Utrecht,Netherlands,1135.77,791.9,1944.44,1272.5,2.19,2214.18,1.93,15.66,1.15,3.03,10.49,8.39,7.0,11.0,2.53,1.1,5.0,2.45,28.05,1.66,1.75,35.06,100.8,1.07,8.0,15.0,65.0,123.76,0.92,0.15,90.0,2.55,91.65,2.6,1.3,1.5,1.41,1450.0,6125.0,1.92,4334.9,3548.5,37.56,2.2,5.0,36.0,20.62,2.39,33271.6,193.84,23000.0,,0.8,6.0
Berlin,Germany,896.5,651.04,1681.19,1217.77,2.15,2289.46,1.47,11.24,1.34,2.74,8.12,6.95,6.4,10.0,2.02,0.86,3.5,1.9,26.39,1.44,1.32,29.08,81.47,1.13,7.0,8.5,40.0,104.49,0.8,0.1,81.0,1.85,81.71,2.8,1.39,2.23,1.49,177.88,6829.05,1.76,6051.94,3803.7,31.93,2.0,3.9,30.0,19.23,2.22,19749.0,231.8,19520.0,,0.52,5.0
Beirut,Lebanon,719.35,393.83,1647.29,751.31,1.71,859.89,1.2,11.51,0.86,3.82,9.51,7.33,2.19,8.98,0.74,1.21,3.22,2.59,65.66,0.8,1.91,49.74,58.37,0.85,7.19,8.98,53.91,102.15,1.89,0.29,53.91,7.35,99.0,1.19,0.87,1.23,0.81,348.27,4684.61,1.46,3589.98,1538.73,42.06,1.8,5.39,11.95,24.45,1.09,18766.59,122.43,19766.67,,0.7,8.98
"Austin, TX",United States,1581.66,995.9,2750.15,1714.92,4.02,4097.92,1.04,10.6,2.4,3.95,9.01,7.26,6.06,10.78,1.87,2.14,4.49,2.24,34.53,0.56,3.0,55.38,39.01,1.45,7.19,13.48,44.92,88.55,0.75,0.09,37.06,4.09,67.69,1.12,1.82,3.58,2.25,890.67,17537.93,2.6,3919.75,1955.36,33.93,1.51,2.25,26.06,14.6,3.19,18743.38,124.12,19627.4,,1.38,10.78
Singapore,Singapore,1859.98,1174.57,3509.54,2007.43,3.0,2988.12,2.22,11.35,1.5,3.66,12.38,5.88,9.33,8.66,1.25,3.45,6.66,1.97,88.55,1.5,3.8,28.85,61.63,1.41,5.33,8.33,39.98,93.88,2.04,0.14,79.96,2.52,81.17,1.2,1.92,2.72,2.01,773.41,18581.67,2.01,17864.28,8977.26,33.52,0.37,2.4,11.99,8.95,2.01,67345.1,97.79,76598.98,,1.11,19.99
Toronto,Canada,1474.75,1180.29,2401.86,1792.3,2.84,2352.69,1.22,14.8,1.99,3.1,13.71,9.73,10.31,10.31,1.64,2.17,5.16,2.27,37.38,0.83,2.22,44.42,47.84,1.93,7.56,13.75,55.0,91.59,1.94,0.26,103.91,3.33,73.58,2.23,2.13,3.04,2.05,1022.99,17653.1,2.46,7385.25,5730.86,31.55,1.26,2.75,21.33,22.27,2.88,17570.16,95.48,18011.56,,1.39,11.0
Auckland,New Zealand,1127.81,947.13,2002.12,1640.38,2.23,2344.96,1.7,10.36,1.42,2.83,5.8,7.54,17.92,10.75,2.0,3.24,5.68,2.82,37.68,1.33,2.76,49.79,63.43,1.71,6.57,11.95,50.78,101.35,1.59,0.31,128.44,4.22,83.44,2.24,1.66,2.4,2.18,704.18,12204.08,1.68,6247.73,5090.16,33.45,1.49,2.27,31.36,10.73,2.93,17575.02,99.55,20909.09,,1.31,8.96
Podgorica,Montenegro,307.27,222.86,553.57,389.5,0.7,484.81,1.13,7.58,0.53,1.45,4.89,5.17,3.2,5.0,1.68,0.96,1.5,1.42,30.0,1.34,1.46,23.52,56.9,0.9,3.0,5.0,25.0,83.54,0.79,0.13,25.0,6.55,72.86,0.9,0.72,1.1,0.54,133.33,8400.0,1.12,1337.62,1036.79,31.14,0.5,1.0,6.0,10.0,1.18,17648.57,103.09,16990.0,,0.7,4.0
Vancouver,Canada,1424.9,1133.13,2586.43,1863.02,2.7,2625.31,1.28,12.43,2.36,3.05,11.49,10.61,10.31,10.31,1.4,2.06,4.81,2.71,35.6,1.07,2.63,48.94,47.41,1.86,6.87,11.69,55.0,97.36,1.63,0.25,67.37,3.78,72.71,2.06,2.29,2.76,2.22,849.75,14093.02,2.87,8649.48,6413.13,35.88,1.3,2.41,23.28,10.7,3.31,16057.11,62.72,17186.61,,1.71,13.75
Tokyo,Japan,1013.36,636.07,2270.89,1221.64,6.58,2657.42,2.81,19.66,1.54,3.21,9.64,6.56,4.1,14.75,1.2,2.22,4.1,1.95,77.29,1.14,3.45,38.33,58.4,1.62,5.7,8.19,40.97,120.05,1.55,0.37,81.95,1.46,71.31,1.56,2.87,5.02,3.2,604.02,17051.34,5.04,9581.79,5268.04,37.28,3.44,3.91,28.64,26.39,5.19,18110.35,162.41,20769.54,,1.07,9.01
Victoria,Canada,1047.12,872.6,1847.98,1513.3,3.06,2338.36,1.05,11.18,2.16,3.12,8.83,10.94,9.64,10.33,1.55,2.02,4.82,2.51,36.17,0.98,2.08,54.21,44.76,1.76,6.89,12.05,49.93,106.6,1.53,0.21,58.54,3.7,74.95,1.72,2.15,2.66,2.37,710.97,10171.93,4.41,4399.4,2753.97,29.97,1.35,2.34,28.69,7.52,3.52,15784.74,78.71,17217.21,,1.62,13.77
Winnipeg,Canada,679.1,640.46,1000.58,944.4,2.61,2068.87,1.17,9.21,1.71,3.09,6.95,9.04,11.0,8.94,1.49,1.59,4.12,2.17,34.77,0.77,1.92,48.43,41.31,1.73,6.8,10.31,41.25,75.29,1.21,0.19,68.75,3.45,64.95,2.03,1.24,1.74,1.57,375.57,7763.44,2.62,2217.04,1765.32,28.48,1.18,2.58,21.45,14.29,2.27,16214.83,87.74,17186.61,,1.53,10.31
"Boston, MA",United States,2275.95,1716.68,3574.7,2503.07,3.96,4132.08,1.39,14.07,2.62,3.6,12.75,11.0,9.88,13.47,1.75,2.01,6.29,2.34,51.97,0.66,2.32,61.7,43.34,1.68,7.18,13.47,62.85,91.75,0.78,0.08,80.81,4.22,71.03,2.22,3.4,4.17,1.79,1534.76,24642.48,3.68,8867.39,4036.93,27.76,1.67,2.69,25.14,15.39,5.14,18411.02,119.59,19789.8,,1.58,13.02
"Chicago, IL",United States,1702.25,1100.17,3168.97,1953.12,4.47,3717.02,1.47,12.4,2.54,3.69,9.95,9.53,11.67,11.67,1.75,1.82,4.94,2.05,42.52,0.74,1.88,57.23,45.28,1.42,7.18,13.47,53.87,96.56,0.7,0.16,94.28,4.23,73.0,2.24,2.39,3.69,2.22,1025.73,15972.64,3.92,3656.41,1816.95,35.06,1.26,2.92,21.55,23.05,3.52,18842.65,117.08,19614.71,,2.08,12.57
Almaty,Kazakhstan,288.22,178.04,565.15,357.57,1.04,374.42,1.23,5.49,0.24,1.78,5.87,3.12,0.95,3.58,0.4,0.56,1.07,0.9,39.41,0.39,1.1,10.47,44.78,1.25,3.81,4.77,23.84,86.52,0.75,0.03,17.16,15.4,74.49,0.19,0.28,1.4,0.37,153.08,4428.44,0.8,1119.15,691.71,38.14,0.35,0.95,2.62,9.43,1.09,17285.46,58.48,15494.56,,0.42,4.77
Oslo,Norway,1280.03,990.78,2080.65,1595.19,2.56,2985.88,2.21,25.58,2.92,4.28,10.64,12.69,11.98,14.15,2.92,3.04,9.0,3.79,42.44,1.65,3.6,45.73,92.08,2.02,11.12,18.7,80.88,132.04,1.8,0.08,75.83,2.81,97.4,3.64,1.61,2.34,1.84,319.19,10981.56,2.43,8323.16,5593.16,37.59,1.42,10.11,43.49,29.12,3.05,31245.91,158.58,34626.88,,1.7,15.17
Frankfurt,Germany,986.97,723.8,1878.93,1307.69,2.24,2618.29,1.52,9.58,1.27,2.74,7.77,8.11,6.4,12.0,2.39,0.88,4.0,1.94,45.06,1.43,1.2,30.74,73.23,0.89,8.0,10.0,50.0,100.52,0.72,0.1,90.4,1.91,88.13,2.75,1.34,1.77,1.31,374.56,12630.0,1.9,6486.36,4142.86,34.45,2.0,3.5,33.0,20.92,2.35,21048.75,265.52,25000.0,,0.5,5.0
Bratislava,Slovakia,635.45,486.91,1055.77,794.0,1.57,1059.38,1.56,8.59,0.96,2.09,7.54,5.33,3.85,7.99,1.62,0.72,2.0,1.92,26.77,1.33,1.27,15.69,61.69,0.95,6.0,6.0,30.0,76.5,0.76,0.09,27.0,1.58,64.3,0.9,0.88,1.47,0.86,400.4,8060.0,1.13,3178.46,2339.13,26.4,0.82,3.0,15.0,12.32,2.32,15734.55,180.44,16000.0,,0.59,5.0
"Dallas, TX",United States,1322.45,961.01,2476.25,1607.56,3.7,4202.0,1.07,9.9,2.2,3.46,6.88,9.1,6.29,10.78,1.69,2.18,4.49,1.85,32.58,0.56,2.58,59.67,36.03,1.28,6.51,13.48,44.92,89.32,0.64,0.13,86.25,4.19,70.62,2.7,1.99,3.04,1.81,800.09,16891.52,3.54,2375.25,1391.52,39.5,1.06,2.94,18.42,2.99,2.87,17561.12,139.51,17071.22,,1.41,10.78
Zagreb,Croatia,473.12,341.08,777.81,542.49,1.06,903.99,1.43,8.77,0.86,1.51,7.62,6.79,4.03,5.37,1.91,1.02,2.01,2.04,34.96,1.35,1.6,22.12,73.88,0.77,5.37,6.72,33.58,92.24,0.87,0.11,48.36,3.9,78.16,0.54,0.8,1.34,0.79,144.52,3840.88,1.69,2701.8,1892.37,30.63,0.67,1.34,5.37,9.19,1.54,19816.57,174.07,19477.3,,0.92,5.37
Hamburg,Germany,873.12,647.42,1730.0,1306.25,2.29,2532.52,1.63,11.53,1.58,2.91,8.33,8.51,6.4,12.0,2.6,0.8,4.0,2.0,42.0,1.42,1.18,31.29,76.37,1.04,8.0,11.0,50.0,120.78,0.85,0.1,86.0,1.88,90.08,3.2,1.42,2.37,1.5,279.09,13891.67,2.21,6250.0,3735.71,33.13,2.0,3.5,30.0,21.11,2.57,18687.14,232.62,20000.0,,0.51,5.0
Krakow (Cracow),Poland,513.06,392.83,897.17,626.23,0.76,855.87,1.08,8.05,0.76,2.05,5.51,3.99,3.78,5.91,1.09,0.77,2.13,1.67,23.27,1.2,1.2,12.75,56.98,0.72,4.72,5.91,23.62,69.58,0.61,0.05,25.04,4.07,60.83,0.9,0.68,1.17,0.58,195.09,6511.18,0.82,2664.65,1775.17,27.82,0.54,1.65,8.27,10.35,1.49,18145.28,173.28,18568.29,,0.47,5.91
Riga,Latvia,385.07,276.53,698.49,488.06,1.04,806.02,1.31,6.87,0.88,2.45,6.16,4.96,3.8,8.0,1.01,1.03,2.9,1.69,34.77,1.28,1.31,16.2,60.72,1.17,5.0,7.0,40.0,85.56,0.88,0.09,50.0,2.47,69.47,1.15,0.47,1.49,0.44,332.8,12155.0,1.38,1845.24,1140.27,33.49,0.64,2.0,7.8,21.0,1.73,17447.92,172.23,18000.0,,0.57,6.0
Gdansk,Poland,515.0,380.61,840.83,612.47,0.78,865.09,1.03,7.57,0.67,2.15,5.75,3.91,3.78,5.2,1.1,0.76,2.13,1.97,28.79,1.19,1.16,12.32,66.1,0.72,4.25,5.91,23.62,80.9,0.59,0.07,22.21,4.13,70.49,0.76,0.58,1.09,0.52,189.82,3593.18,0.84,2602.99,1639.29,29.86,0.57,1.65,8.5,11.36,1.33,17406.43,169.9,18568.29,,0.45,4.72
Santiago,Chile,369.11,349.97,701.83,635.33,1.41,618.33,1.0,7.67,1.26,2.19,7.57,4.41,4.39,5.78,0.94,1.0,2.95,2.24,26.45,0.95,1.67,29.58,44.51,0.92,5.2,6.94,34.68,68.12,0.87,0.11,43.57,3.73,49.88,0.92,1.02,1.09,0.93,353.88,5825.36,1.04,1963.73,1915.99,23.96,1.16,0.35,9.02,15.44,1.21,12884.76,89.62,13870.83,,0.96,5.2
Nairobi,Kenya,383.88,170.65,832.14,403.17,2.37,327.85,1.06,4.6,0.52,2.27,7.57,6.07,2.22,7.09,0.53,1.86,2.04,1.55,45.4,0.99,2.55,51.91,22.49,0.74,6.2,4.43,26.58,46.33,0.94,0.03,26.58,13.86,54.02,0.71,1.03,1.75,1.23,176.06,9069.26,1.67,2703.78,727.85,23.63,1.77,2.22,1.77,6.81,1.2,13240.85,46.9,14620.32,,1.11,8.86
Abu Dhabi,United Arab Emirates,1167.16,888.13,2308.39,1770.69,2.19,2369.85,1.88,10.41,1.2,4.59,8.56,5.73,5.14,9.78,0.8,2.97,9.78,2.29,73.81,0.54,2.8,93.29,57.76,1.58,6.24,6.12,48.92,80.32,1.53,0.13,19.57,4.07,79.53,0.49,0.92,1.84,0.97,532.13,9480.36,1.53,3137.18,2577.28,44.76,0.46,2.94,7.34,26.32,1.65,16818.27,116.51,20179.96,,0.62,17.12
"Houston, TX",United States,1258.81,859.49,2166.31,1494.14,3.19,3568.78,1.25,9.17,2.03,4.03,8.0,6.45,6.29,9.7,1.81,2.06,5.39,1.92,32.13,0.57,2.53,54.13,36.88,1.15,6.74,13.48,53.91,86.21,0.68,0.13,44.25,4.14,61.38,1.12,1.59,3.1,1.95,806.88,18762.48,3.09,1989.15,1047.43,33.83,1.54,2.52,21.56,10.14,2.07,18944.36,122.34,20170.99,,1.38,10.78
Tbilisi,Georgia,306.63,184.31,625.77,348.41,0.74,248.07,1.13,5.23,0.28,1.4,3.38,2.82,1.56,4.49,0.39,0.72,0.93,1.12,30.29,0.78,1.02,14.09,52.06,0.42,4.05,4.67,18.69,82.53,0.97,0.08,9.34,12.37,73.33,0.16,0.37,0.98,0.38,97.73,1914.46,0.91,950.35,506.92,29.84,0.23,0.93,1.56,8.55,0.86,11163.69,52.69,9343.0,,0.36,4.36
Dubai,United Arab Emirates,1348.79,888.37,2749.41,1887.72,1.97,2577.55,1.59,10.75,1.12,4.4,9.81,6.58,5.13,9.78,0.82,3.79,11.0,2.67,71.73,0.56,3.78,90.42,56.09,1.46,6.11,7.33,48.89,87.23,1.4,0.11,61.11,4.32,85.37,1.47,0.73,1.48,0.91,490.9,9343.89,1.68,3101.67,1957.5,46.54,0.49,2.93,7.33,29.52,1.46,17555.13,156.63,19555.79,,0.55,14.67
Bogota,Colombia,341.45,245.33,608.02,431.88,1.83,306.08,0.71,4.31,0.81,1.18,3.19,3.19,1.65,3.85,0.68,0.76,0.96,1.36,23.8,0.68,1.55,29.06,48.26,0.69,4.4,3.3,19.24,66.61,0.76,0.05,32.98,11.48,69.88,0.66,0.74,0.76,0.62,223.12,5386.28,0.82,1708.68,1364.64,31.9,1.37,1.24,5.5,8.0,0.95,19255.63,76.59,16488.6,,0.77,8.24
Brno,Czech Republic,558.68,439.63,948.79,715.4,1.19,1022.13,1.2,9.85,0.89,1.88,7.35,5.83,4.17,7.62,1.19,0.61,1.39,1.65,29.98,1.29,1.04,17.58,58.75,0.83,5.16,5.95,25.19,78.65,0.71,0.13,21.82,2.74,71.83,0.99,0.71,1.34,0.75,332.95,5549.5,1.42,2739.92,2039.24,30.91,1.19,2.38,10.71,9.08,2.01,19466.46,145.16,17851.84,,0.53,4.76
Munich,Germany,1198.0,873.39,2191.11,1681.91,2.26,2627.51,1.79,12.24,1.56,2.98,10.39,7.59,6.5,12.0,2.73,0.95,3.8,2.3,34.69,1.43,1.15,34.09,76.44,0.9,8.0,12.0,60.0,124.0,0.86,0.1,66.0,1.76,84.29,2.9,1.24,2.12,1.19,567.78,11166.67,1.8,10308.33,7458.7,32.85,1.9,3.7,29.0,20.58,2.49,20552.31,242.66,22500.0,,0.58,5.0
Poznan,Poland,443.21,351.37,742.09,582.42,0.69,791.94,0.96,7.11,0.7,2.06,5.6,3.61,3.74,5.9,0.92,0.72,2.01,1.87,22.13,1.2,1.0,11.62,72.06,0.71,4.72,5.9,23.61,76.16,0.63,0.06,26.7,4.03,63.96,0.94,0.67,1.11,0.53,197.95,3659.83,0.72,2021.62,1409.71,30.29,0.57,1.42,7.08,11.0,1.43,17368.45,155.6,18558.88,,0.39,4.72
"Las Vegas, NV",United States,992.86,874.56,1665.0,1339.05,2.86,3132.38,1.32,10.05,1.81,3.65,7.05,5.68,7.17,10.77,1.45,1.88,5.39,1.64,23.03,0.76,2.72,64.64,39.76,1.27,7.18,13.47,53.87,82.55,0.7,0.19,58.36,4.31,66.91,1.8,1.79,2.34,2.17,786.6,12507.1,2.98,1935.47,1509.67,30.57,1.54,3.14,29.09,21.05,2.99,19092.7,138.51,18856.43,,1.05,11.63
London,United Kingdom,2015.24,1420.02,3634.96,2373.78,2.11,2756.93,1.34,9.79,1.27,3.3,7.87,7.0,12.83,14.0,1.66,2.03,5.83,2.39,46.02,1.51,2.13,37.07,76.44,0.88,7.0,17.49,64.15,93.35,1.13,0.13,167.34,3.31,77.94,2.92,1.2,2.39,1.37,1605.65,21240.0,1.52,15242.29,8142.19,37.03,2.97,4.67,40.82,13.66,2.68,25282.88,186.96,23325.97,,0.91,9.33
"Los Angeles, CA",United States,1980.11,1564.78,3611.37,2696.53,3.93,3968.48,1.81,11.6,2.99,4.01,9.48,9.9,8.87,13.47,2.03,1.68,5.39,2.91,36.78,0.94,2.24,55.74,44.31,1.25,7.18,13.47,58.36,94.26,0.87,0.11,89.79,4.13,70.02,1.57,1.82,2.73,2.36,951.17,19335.55,3.25,7026.01,4434.17,30.85,1.67,2.69,26.21,10.56,2.98,18702.58,111.99,19753.89,,1.77,10.77
Panama City,Panama,811.63,547.73,1387.66,962.66,3.26,706.33,1.44,9.79,1.79,2.63,10.27,6.55,4.69,5.39,1.14,0.71,2.58,1.95,40.47,0.72,2.35,41.58,44.34,2.02,6.06,8.98,35.94,76.53,1.38,0.11,17.97,5.26,59.09,0.22,1.88,2.59,1.76,231.77,6092.58,1.51,1953.02,1430.09,32.52,1.8,1.8,8.98,22.46,2.68,17281.6,90.98,16172.73,,1.46,8.31
Seoul,South Korea,714.76,465.05,1903.9,1036.41,6.7,2120.34,3.5,29.31,2.47,3.72,17.41,7.48,3.5,7.78,1.33,2.15,3.11,2.67,55.64,1.18,2.23,19.76,58.75,2.24,5.06,6.42,31.11,119.08,1.95,0.11,42.78,3.56,75.4,0.97,2.83,5.79,3.8,323.08,16410.38,3.61,13807.23,6552.41,41.24,0.59,2.96,9.33,17.57,5.76,21511.36,150.79,24887.49,,1.17,15.55
Warsaw,Poland,616.05,467.73,1071.69,789.88,0.73,979.42,1.07,9.74,0.76,2.49,6.61,4.27,3.9,7.09,0.99,0.78,2.36,1.86,25.97,1.19,1.14,12.7,66.64,0.81,4.72,5.91,28.35,85.27,0.63,0.06,25.99,4.05,71.72,1.04,0.66,1.21,0.62,327.54,7943.07,0.87,3273.89,2125.57,35.36,0.57,1.89,9.45,14.4,1.5,18629.93,147.35,18568.29,,0.5,5.91
Prague,Czech Republic,805.86,593.84,1294.8,908.64,1.25,1183.75,1.22,9.25,0.98,2.17,8.05,6.07,4.05,7.93,1.24,0.66,1.59,1.7,34.67,1.29,1.26,19.95,71.75,0.99,5.55,5.95,29.75,90.95,0.77,0.13,21.82,2.71,72.06,0.95,0.86,1.41,0.92,480.35,8672.3,1.42,4972.45,3474.2,33.18,1.11,1.59,14.28,12.47,1.79,17568.31,177.27,17812.17,,0.53,5.16
Wroclaw,Poland,517.55,411.5,843.34,642.74,0.68,848.11,1.06,8.2,0.75,2.12,5.91,4.01,3.78,5.91,0.97,0.72,1.89,1.9,22.14,1.19,0.96,12.26,63.32,0.79,4.72,5.91,25.99,77.59,0.56,0.06,21.26,3.71,64.57,0.8,0.66,1.15,0.54,255.31,6726.13,0.83,2135.98,1530.15,30.61,0.59,1.42,5.91,12.26,1.46,18141.8,162.51,16772.88,,0.45,5.91
Kuala Lumpur,Malaysia,478.24,273.76,845.42,450.9,2.41,923.24,1.34,7.35,0.74,2.53,9.39,2.64,3.85,3.98,0.59,2.03,3.32,1.19,38.52,0.47,2.94,26.76,49.78,0.88,3.32,2.87,16.6,59.53,1.45,0.06,22.11,4.6,62.03,0.55,0.74,1.9,0.73,167.18,6040.38,1.05,2759.98,1362.08,28.57,0.44,0.66,5.53,6.4,1.11,25033.13,48.02,33823.9,,0.52,15.48
"New York, NY",United States,2854.26,1788.76,5574.89,3314.05,5.63,4665.46,2.17,13.56,3.33,4.22,14.21,12.37,13.48,14.38,1.85,2.07,6.29,3.28,67.04,0.71,2.43,55.18,47.04,1.94,8.09,17.97,76.37,113.98,1.04,0.09,114.11,4.17,75.39,2.47,3.07,5.7,3.81,2106.38,34441.93,5.7,13179.53,6891.37,34.37,1.59,2.7,26.95,30.1,5.33,18118.42,116.65,19627.4,,2.07,13.48
Copenhagen,Denmark,1234.4,919.12,2210.96,1655.25,2.44,2803.98,2.25,11.38,2.75,5.21,10.5,8.7,6.02,14.72,3.02,1.61,6.69,3.07,36.85,1.5,2.18,34.45,102.61,1.45,10.04,17.4,80.29,129.68,1.21,0.12,53.53,1.62,101.26,3.21,1.33,2.61,1.63,429.52,7549.8,1.98,6157.07,4258.87,38.2,2.01,6.69,53.55,30.51,3.0,32048.06,196.67,33453.16,,1.07,8.03
Ljubljana,Slovenia,579.89,448.26,1063.75,783.33,1.36,1155.72,1.21,9.42,1.08,1.48,10.36,7.69,4.1,6.78,2.15,1.05,2.6,2.29,40.61,1.3,1.73,33.0,62.23,1.18,5.0,8.0,35.0,90.59,0.91,0.07,37.0,3.19,76.41,1.3,0.94,1.36,0.85,368.78,10118.75,1.46,3541.67,2605.88,29.24,0.9,1.0,13.9,13.78,1.95,19070.45,199.61,19000.0,,0.59,6.0
Chandigarh,India,149.06,88.87,360.85,219.96,1.8,380.27,0.76,5.95,0.44,1.39,4.87,3.58,3.81,3.17,0.35,1.71,1.9,0.78,18.59,0.91,2.76,10.73,32.44,0.54,3.3,2.54,10.16,36.31,0.7,0.01,6.35,9.35,50.11,0.25,0.39,0.99,0.29,48.37,1743.81,0.9,1416.37,694.3,41.29,0.15,0.63,1.02,6.47,0.43,21138.58,60.44,10791.47,,0.42,12.7
Colombo,Sri Lanka,325.83,116.89,768.96,272.27,2.4,244.23,0.83,5.25,0.42,2.21,10.49,3.56,5.96,3.48,0.56,1.05,1.49,1.08,15.47,0.71,1.66,13.95,25.09,0.76,4.22,1.49,14.9,28.05,1.09,0.01,4.97,14.45,50.58,0.12,0.74,2.17,0.84,45.28,788.02,0.52,1935.85,933.95,18.11,0.25,0.3,0.6,5.12,0.76,32151.75,37.91,24834.98,,0.49,12.42
Noida,India,153.28,94.92,344.64,208.55,1.81,536.67,0.7,4.51,0.4,1.45,2.96,3.0,3.16,3.8,0.39,1.34,1.39,0.84,22.23,0.94,2.17,11.58,29.16,0.59,3.16,3.8,12.66,33.12,0.61,0.01,12.66,9.21,52.08,0.51,0.35,0.86,0.26,87.89,2190.01,1.02,874.62,585.38,33.33,0.15,0.63,0.76,10.76,0.45,20946.7,61.65,10124.87,,0.37,9.65
Kaunas,Lithuania,359.31,246.21,616.67,396.0,0.88,771.0,1.03,7.12,1.13,2.12,7.12,5.07,3.75,7.0,1.31,1.22,2.7,1.53,27.64,1.18,1.71,10.14,69.4,1.17,5.0,6.0,30.0,96.0,0.85,0.06,28.0,2.48,71.96,1.0,0.48,1.32,0.46,308.57,6000.0,1.12,1983.0,1235.42,30.12,0.55,0.8,8.5,18.07,1.61,18406.01,122.48,18000.0,,0.76,7.5
Athens,Greece,377.05,338.69,677.0,612.7,1.34,787.01,1.44,9.27,0.79,3.15,8.38,7.06,4.5,8.0,1.54,1.4,4.0,2.92,28.6,1.59,2.0,31.08,71.23,0.62,6.0,10.0,40.0,92.58,1.23,0.34,30.0,4.73,78.22,1.4,0.86,1.0,0.94,366.83,7385.58,1.7,1886.28,1748.42,28.6,0.74,3.5,11.81,17.98,1.58,18860.32,138.77,18000.0,,0.83,7.5
"Phoenix, AZ",United States,1092.25,824.8,1657.74,1317.96,2.93,3113.47,1.38,9.6,2.18,3.6,9.65,7.9,6.73,9.88,1.53,1.41,3.59,1.85,27.66,0.7,1.75,67.23,35.14,1.06,6.73,10.77,53.87,82.84,0.51,0.1,57.47,4.2,66.48,1.8,1.91,3.03,1.99,678.35,13498.49,4.53,2150.04,1403.23,30.88,1.24,2.92,32.32,7.38,3.19,18257.94,161.5,19156.78,,1.62,9.88
Hong Kong,Hong Kong,2041.88,1405.71,4516.75,2823.07,3.07,2387.66,2.06,14.93,1.84,4.15,19.15,9.24,6.82,11.57,1.01,1.54,5.78,2.75,68.37,1.96,2.18,21.61,70.72,1.36,4.05,5.78,46.26,115.84,2.54,0.08,56.96,2.56,79.41,1.16,2.13,2.73,2.09,640.36,16701.41,1.82,27720.21,17532.98,30.29,0.98,2.78,11.8,7.45,2.82,25340.81,176.27,28915.3,,1.57,13.88
"Portland, OR",United States,1399.8,1045.69,2472.7,1769.49,4.7,3403.15,1.3,14.63,2.83,3.85,12.78,9.98,6.29,10.78,1.78,1.83,4.49,2.62,39.9,0.77,3.14,60.86,45.22,1.47,6.74,12.58,44.92,86.29,0.78,0.12,89.85,4.18,72.05,2.25,1.9,3.22,1.78,1076.09,16387.06,3.91,3522.58,2371.28,34.47,1.45,2.7,29.2,18.12,3.67,20494.34,150.98,21563.64,,1.75,12.58
Lisbon,Portugal,886.21,619.04,1697.7,1131.34,1.48,913.81,1.06,9.48,1.11,1.44,7.58,5.23,5.0,7.0,1.35,1.09,2.0,1.67,34.6,1.56,1.93,32.35,79.84,0.92,6.0,8.5,35.0,90.45,0.65,0.21,40.0,2.11,76.47,1.5,1.01,1.12,0.99,421.38,7840.74,0.9,4298.53,2414.28,30.18,0.47,3.48,14.8,11.82,1.54,24381.58,99.29,25000.0,,0.63,5.0
Beijing,China,946.89,575.19,1986.46,1223.57,1.7,1137.26,1.28,7.69,1.6,3.99,15.07,3.15,2.6,6.51,0.47,0.69,1.95,1.68,42.04,0.93,1.89,12.43,61.02,0.62,4.56,3.91,26.04,89.59,1.7,0.03,24.74,5.14,69.56,0.52,0.67,1.6,0.69,625.68,20125.06,1.13,13398.23,6701.37,32.26,0.3,1.69,5.21,15.95,1.05,15336.76,55.03,18230.92,,0.56,13.02
Cape Town,South Africa,695.92,468.15,1431.46,954.95,1.49,1140.76,1.25,6.78,0.86,1.73,6.46,5.23,2.49,5.29,0.84,1.49,2.18,1.95,34.45,0.98,1.96,61.33,47.07,0.95,3.74,8.91,35.81,73.81,0.91,0.1,26.47,10.64,83.98,0.93,0.93,1.33,1.03,186.87,3441.21,1.45,2378.77,1184.1,30.1,0.62,1.25,3.11,7.39,1.15,17607.3,62.35,18683.75,,1.02,4.36
Tirana,Albania,296.37,175.58,578.83,326.01,0.89,336.43,1.32,6.89,0.61,1.2,5.45,4.18,2.63,4.92,1.07,0.77,1.27,1.47,29.49,1.46,1.14,19.18,40.27,0.78,4.76,4.1,24.62,85.26,1.07,0.21,13.13,5.19,71.81,0.33,0.66,1.06,0.66,127.15,2323.77,1.09,1650.37,726.22,31.76,2.0,2.05,12.31,10.28,0.9,17174.1,68.27,16413.03,,0.44,6.57
Porto,Portugal,682.5,507.14,1281.43,862.5,1.71,801.61,1.2,9.41,1.25,1.61,6.3,5.38,5.0,6.95,1.34,0.99,2.0,1.79,32.22,1.53,2.13,31.12,84.43,0.95,6.0,7.0,30.0,74.45,0.67,0.15,31.0,2.59,68.5,1.27,1.23,1.34,0.99,324.0,5992.86,0.86,2653.79,1571.46,29.37,0.48,3.5,14.8,11.86,1.36,24087.5,101.15,25900.0,,0.56,4.0
Durban,South Africa,302.38,325.53,583.09,639.56,1.25,933.21,0.98,5.72,0.79,1.58,5.84,3.94,2.49,5.29,0.79,0.96,1.62,1.52,27.15,0.97,1.47,58.2,43.79,0.85,3.74,7.47,25.53,82.04,0.87,0.12,23.35,10.64,75.01,0.93,0.82,1.25,0.78,159.71,3425.69,1.11,618.83,694.26,28.21,0.75,1.17,4.36,9.31,0.92,17400.43,76.88,17242.92,,1.05,3.27
Budapest,Hungary,480.55,356.04,920.02,635.08,1.03,755.32,1.28,7.62,0.69,1.41,5.67,4.37,4.04,5.39,1.01,0.78,1.5,1.49,37.85,1.19,1.08,13.06,58.08,0.94,4.79,5.99,29.96,78.72,0.7,0.08,28.46,4.82,68.09,1.05,0.89,1.16,0.83,273.3,6677.13,1.02,2913.16,1908.92,27.52,0.9,2.1,13.48,12.39,1.78,18153.92,147.94,17376.41,,0.34,4.04
Vilnius,Lithuania,488.14,329.77,840.0,523.64,0.84,912.37,1.0,6.47,0.97,2.1,6.82,4.52,3.95,7.0,1.5,1.08,3.0,1.53,27.61,1.2,1.39,11.03,50.87,1.0,5.0,7.0,35.0,96.96,0.86,0.08,29.0,2.39,72.82,1.0,0.48,1.14,0.41,345.0,7031.25,1.41,2745.14,1679.63,35.79,0.6,1.0,8.0,18.39,1.36,17570.0,115.86,17500.0,,0.66,6.5
Johannesburg,South Africa,421.71,369.1,854.92,706.5,1.38,1089.06,1.13,6.0,0.85,1.67,6.45,4.59,2.82,5.65,0.9,1.2,1.73,1.91,33.16,1.01,1.73,59.93,48.59,0.96,3.45,8.47,31.37,72.78,1.0,0.11,50.2,10.41,72.83,1.88,1.03,1.45,1.03,217.14,4754.58,1.25,900.68,641.14,29.92,0.72,1.25,6.27,9.67,1.3,18124.04,83.28,18824.0,,1.01,4.39
Barcelona,Spain,950.28,725.42,1502.94,1088.73,1.73,1444.48,1.53,10.26,0.99,1.79,10.88,6.46,5.0,8.5,1.63,0.83,2.5,1.56,41.14,1.33,1.44,42.57,72.91,0.94,7.0,11.0,40.0,92.5,0.86,0.13,50.0,2.39,79.48,2.15,1.24,1.34,0.99,438.89,7885.0,1.02,4342.92,3044.23,25.34,1.15,2.5,22.1,18.46,1.51,20971.43,136.65,22000.0,,0.61,6.0
"San Diego, CA",United States,1816.1,1479.24,3254.51,2492.91,3.31,4293.13,1.6,10.74,3.27,3.83,10.03,8.4,7.19,12.58,1.74,1.76,5.39,3.2,32.62,0.92,2.14,56.97,43.37,1.19,6.74,13.48,53.91,101.32,0.88,0.17,64.69,4.11,69.96,2.25,2.06,2.21,2.27,967.85,16232.63,3.96,5352.13,3605.03,32.83,1.67,2.52,22.46,13.48,3.36,18876.87,123.99,20665.15,,1.63,10.78
"San Francisco, CA",United States,3131.06,2527.11,5661.53,4320.95,4.38,6532.21,1.79,14.53,3.12,4.06,15.47,12.11,10.78,13.48,2.26,2.04,6.29,2.82,77.08,0.95,1.98,60.0,55.68,1.17,8.98,15.95,71.88,134.75,0.98,0.09,72.78,4.18,77.2,2.47,2.47,3.11,3.49,1959.36,25657.74,4.15,11670.67,8658.93,38.39,1.95,3.14,29.65,16.81,4.33,20177.73,127.73,19802.61,,1.74,13.48
Lima,Peru,435.67,279.01,847.79,560.23,1.62,439.49,1.16,7.21,1.44,2.14,6.94,4.3,3.66,5.43,0.69,1.5,1.9,1.73,48.84,1.04,2.8,34.82,42.44,0.72,4.21,3.26,21.71,69.89,1.26,0.17,23.2,8.95,68.69,0.41,0.96,0.98,0.94,222.68,5049.27,0.96,1589.12,1179.83,30.68,1.36,1.97,5.43,11.07,1.15,16586.24,63.97,15479.65,,0.9,9.5
"Seattle, WA",United States,1919.17,1450.04,3199.48,2321.44,4.69,4741.65,1.67,13.11,2.76,3.81,14.42,11.23,9.66,13.48,1.97,1.83,5.39,2.4,48.94,0.84,2.19,58.46,42.55,1.73,7.19,13.48,62.89,111.44,0.77,0.09,88.95,4.14,75.86,2.47,2.32,3.38,2.3,1568.61,19730.73,4.1,6588.64,4065.0,35.25,1.51,2.34,26.95,26.51,4.28,20472.62,144.15,22462.12,,1.68,13.48
Brasov,Romania,304.39,228.7,468.59,359.43,0.68,554.56,1.07,6.97,0.57,1.41,5.78,3.97,3.71,6.27,1.07,0.59,1.25,1.87,29.81,1.2,1.01,7.53,46.69,0.5,4.18,6.27,20.91,63.31,0.91,0.02,17.77,4.7,56.44,0.52,0.54,1.0,0.48,225.24,4127.26,1.07,1277.19,979.61,32.2,0.43,0.42,4.18,9.2,1.05,17335.45,100.39,15960.0,,0.47,4.18
Bucharest,Romania,401.41,268.02,670.59,441.78,0.9,658.66,1.2,6.88,0.58,1.87,5.25,4.48,3.98,6.28,1.39,0.72,1.78,2.07,35.84,1.2,1.23,8.47,59.55,0.6,4.19,6.28,27.21,73.59,1.02,0.07,10.47,6.32,64.38,0.27,0.71,1.06,0.68,321.02,6232.03,1.09,1786.57,1087.44,30.88,0.42,0.42,3.98,13.26,1.23,18299.48,89.13,16534.62,,0.51,4.6
Tashkent,Uzbekistan,209.86,124.02,449.24,239.9,0.93,205.98,1.79,4.76,0.15,1.11,3.73,2.35,1.17,3.59,0.54,0.51,0.9,0.92,24.77,0.46,1.46,35.48,35.25,0.21,2.7,3.59,15.72,61.57,0.64,0.02,13.48,18.36,68.86,0.13,0.25,2.22,0.38,125.64,3996.17,0.82,802.53,390.61,32.67,0.18,0.54,2.31,5.75,0.63,19227.58,31.53,17071.22,,0.28,2.7
Ahmedabad,India,199.17,149.35,366.69,267.89,1.48,303.54,0.48,5.7,0.45,1.4,5.83,3.39,3.16,3.16,0.39,1.59,1.9,0.83,18.18,0.91,2.99,7.34,25.76,0.49,3.16,1.9,8.86,29.11,0.64,0.01,5.06,9.75,42.83,0.25,0.33,0.77,0.28,51.34,1218.73,0.74,780.22,397.97,31.09,0.19,0.63,0.89,7.92,0.41,20809.53,47.94,10757.68,,0.35,7.59
Cluj-Napoca,Romania,387.79,284.75,698.74,497.97,0.72,642.86,1.05,6.32,0.64,1.6,5.55,4.22,3.87,5.23,1.14,0.73,1.57,2.01,26.21,1.21,1.27,7.34,49.15,0.57,4.18,5.23,23.0,69.49,0.98,0.07,14.64,5.4,63.06,0.52,0.53,0.97,0.5,262.05,4327.18,0.89,1900.75,1409.13,29.63,0.48,0.52,4.75,11.89,1.16,16513.42,91.85,15681.1,,0.54,4.18
Madrid,Spain,933.23,703.38,1643.28,1122.1,1.75,1578.77,1.7,10.71,1.05,1.76,9.87,6.23,5.0,9.0,1.71,0.99,3.0,1.65,35.57,1.34,1.69,41.89,71.0,0.99,8.0,12.0,40.0,86.22,0.83,0.17,54.6,2.13,71.17,1.5,1.11,1.56,1.05,442.96,7353.81,1.03,5233.54,2966.34,26.98,1.1,3.0,23.5,11.08,1.77,21470.45,119.87,20000.0,,0.71,5.45
Tallinn,Estonia,533.33,364.36,869.29,611.46,1.13,1188.81,1.06,8.34,0.87,2.79,7.2,5.28,4.25,8.0,1.83,1.42,4.0,1.58,45.44,1.35,1.53,22.88,71.23,0.99,6.0,8.0,45.0,88.33,0.7,0.04,23.0,2.39,67.16,2.0,0.56,1.37,0.49,250.94,7666.24,1.39,2632.65,1810.14,30.54,0.5,2.5,10.5,23.03,1.93,17310.65,175.25,17600.0,,0.58,7.0
Bangalore,India,213.5,124.18,545.83,315.83,2.08,579.22,0.68,4.42,0.44,1.63,5.79,3.0,3.8,3.8,0.44,1.57,1.9,0.81,20.0,0.98,2.99,12.42,29.66,0.54,3.16,2.53,12.66,35.07,0.53,0.01,15.82,9.19,42.78,0.38,0.41,0.93,0.36,87.82,2473.25,0.68,1578.13,685.08,27.71,0.23,0.63,0.76,5.18,0.39,22444.75,22.24,11390.48,,0.36,7.59
Iasi,Romania,272.07,202.65,479.23,338.9,0.76,529.52,1.08,6.17,0.54,1.48,4.74,4.21,3.77,5.02,1.16,0.81,1.26,1.97,28.32,1.19,1.3,6.8,52.92,0.57,4.19,5.23,20.93,63.36,0.9,0.07,16.74,5.14,56.2,0.52,0.63,1.02,0.53,216.07,3218.01,0.95,1293.58,882.21,31.39,0.52,0.52,5.23,8.57,1.08,16999.32,115.11,15697.62,,0.53,4.19
Chennai,India,163.9,98.51,398.88,225.75,2.03,403.82,0.78,4.17,0.41,1.3,4.88,2.8,3.8,2.53,0.42,1.49,1.9,0.75,17.63,0.98,2.59,11.19,26.94,0.36,3.35,1.52,7.59,29.83,0.6,0.01,12.66,9.89,38.55,0.25,0.45,1.08,0.45,51.12,1470.3,0.67,1647.69,672.8,23.73,0.19,1.27,0.76,5.58,0.41,21604.75,35.72,11390.48,,0.39,6.33
Doha,Qatar,1320.12,874.29,2500.0,1729.62,1.8,2827.76,1.4,8.98,1.4,4.62,8.09,6.07,5.19,8.66,0.65,7.58,11.13,2.53,95.89,0.48,8.42,78.31,55.34,1.48,6.18,6.18,49.47,78.59,1.62,0.15,37.0,4.8,83.76,0.74,0.77,1.42,0.99,537.35,8918.89,1.43,3986.95,2696.24,46.12,0.47,2.47,7.92,24.29,1.6,16539.84,64.59,17315.57,,0.51,28.32
Delhi,India,200.32,123.19,491.27,291.67,1.63,473.8,0.67,5.19,0.4,1.64,4.22,3.35,3.8,3.8,0.42,1.36,1.9,0.87,21.35,0.94,2.39,9.76,30.56,0.43,3.16,3.8,15.19,37.65,0.64,0.01,12.66,9.23,47.87,0.38,0.34,0.76,0.29,68.71,1674.83,0.79,1783.51,857.45,33.54,0.19,0.63,0.76,7.29,0.45,21350.29,51.68,10124.87,,0.37,9.49
Gurgaon,India,238.36,146.22,569.92,350.88,2.02,859.33,0.71,6.04,0.4,1.71,4.37,3.39,3.8,4.43,0.39,1.49,1.96,1.01,29.15,0.94,2.38,12.81,33.43,0.6,3.16,3.8,12.66,43.62,0.63,0.01,13.92,9.22,54.08,0.51,0.36,0.93,0.3,104.09,2512.76,0.9,1534.45,940.84,39.62,0.16,0.63,1.14,7.54,0.49,22201.55,63.53,10757.68,,0.35,10.12
Valencia,Spain,672.08,463.64,1053.57,704.81,1.51,1342.17,1.34,10.42,0.81,1.53,10.83,5.92,5.0,8.0,1.51,0.69,2.0,1.52,31.35,1.3,1.0,35.26,69.0,0.85,7.0,8.75,35.0,88.33,0.67,0.18,41.9,2.36,65.48,1.5,0.92,1.0,0.83,405.64,7422.22,0.88,2605.35,1350.0,29.32,1.08,4.0,19.32,11.62,1.46,18714.29,113.44,18000.0,,0.38,4.0
Vienna,Austria,858.37,621.65,1584.2,1105.34,1.99,1900.43,1.67,14.3,1.75,3.19,10.41,8.95,5.5,10.0,2.77,0.97,4.0,2.55,27.44,1.24,1.54,30.86,78.53,1.19,7.25,10.0,45.0,108.19,1.03,0.04,48.0,2.1,81.5,2.4,1.34,2.08,1.29,211.88,16035.71,1.26,6403.78,4164.43,32.94,1.42,4.0,27.8,18.33,2.33,22357.62,158.45,22700.0,,0.54,6.99
Hyderabad,India,156.95,92.66,392.34,221.72,1.94,441.12,0.57,4.16,0.45,1.17,5.11,3.02,3.8,2.53,0.42,1.44,1.52,0.78,18.1,0.98,2.36,9.47,26.6,0.57,3.8,1.9,8.86,32.19,0.62,0.01,12.02,9.53,41.62,0.25,0.33,0.98,0.35,60.32,1715.91,0.65,966.07,537.56,26.36,0.19,0.63,0.95,7.02,0.44,21345.77,21.79,11517.04,,0.37,8.86
Montevideo,Uruguay,428.25,338.45,727.77,578.57,1.52,642.49,1.81,7.1,1.69,2.35,7.55,6.19,3.6,7.21,1.25,1.56,1.92,2.04,40.13,1.31,1.86,28.65,66.95,0.9,6.96,8.41,31.23,92.51,0.67,0.16,36.04,8.0,81.63,0.91,1.16,1.1,1.27,275.58,5749.21,1.01,2222.38,1780.26,32.38,0.62,0.99,8.81,12.75,1.72,28427.94,98.22,26432.17,,1.06,5.65
Tel Aviv-Yafo,Israel,1326.91,993.88,2192.51,1613.78,2.67,2306.23,2.26,19.92,2.24,3.4,12.84,9.41,9.07,10.36,2.37,2.25,7.77,3.19,67.82,1.64,3.11,24.84,86.54,1.78,12.95,15.54,64.75,114.91,1.54,0.04,55.69,3.67,114.41,1.53,1.02,1.69,1.22,837.46,9237.96,2.25,10968.44,7192.46,46.73,0.96,3.21,23.31,16.66,1.58,34787.86,197.25,34966.12,,1.28,12.95
Timisoara,Romania,287.68,217.44,531.19,385.53,0.74,613.27,1.07,7.42,0.68,1.42,4.33,4.06,3.61,5.23,0.99,0.68,1.25,2.11,25.3,1.19,1.11,7.53,45.43,0.56,4.18,5.23,20.91,71.72,0.92,0.03,18.82,5.15,60.43,0.52,0.5,0.96,0.5,256.78,3668.81,0.89,1376.56,1053.88,25.72,0.52,0.52,5.02,10.45,1.06,16218.73,95.29,15960.0,,0.49,4.18
Taipei,Taiwan,487.78,323.83,1084.45,730.68,4.43,1340.77,1.93,18.99,1.63,2.64,17.0,7.79,3.31,9.02,0.8,1.41,1.77,2.24,40.35,0.88,2.09,20.55,60.58,1.39,3.91,3.61,24.04,105.25,2.64,0.13,38.47,1.9,78.11,0.6,2.04,2.53,2.58,464.55,10610.54,3.05,11375.12,6378.89,31.0,0.75,2.1,7.06,12.08,2.96,20708.03,68.8,27049.67,,1.12,13.52
Kolkata,India,138.31,79.35,321.93,184.5,1.63,323.06,0.6,4.15,0.29,1.38,4.29,2.43,3.8,3.16,0.35,1.53,1.87,0.78,15.18,0.96,2.73,7.72,29.84,0.32,3.79,2.53,10.76,30.39,0.5,0.01,3.16,9.13,41.37,0.13,0.36,1.05,0.27,37.06,1126.1,0.59,1031.14,535.32,29.48,0.22,0.38,0.76,7.07,0.43,19667.56,29.47,10757.68,,0.35,7.59
Skopje,Macedonia,233.43,168.07,418.35,296.24,0.73,393.01,0.94,6.6,0.47,1.37,5.33,4.58,2.27,4.06,1.27,0.73,1.62,1.38,22.03,1.1,0.93,15.11,48.85,0.35,3.25,4.87,16.25,73.57,0.84,0.1,24.37,5.52,66.37,0.57,0.54,0.87,0.5,167.42,3238.83,1.05,1227.84,881.05,27.86,0.41,0.65,4.87,8.51,0.88,17796.64,107.26,16978.82,,0.43,4.87
Shanghai,China,970.31,477.33,2220.7,1159.18,2.19,1111.52,1.56,12.53,1.76,3.82,13.48,4.4,2.73,7.81,0.56,0.66,1.3,2.3,44.9,0.92,2.01,14.26,60.73,0.58,4.56,4.56,26.04,97.81,2.39,0.03,26.04,5.08,82.77,0.52,1.01,2.08,1.0,676.74,22470.47,1.13,12057.49,6130.48,33.0,0.39,1.82,4.69,11.8,1.33,17412.39,51.7,18230.92,,0.61,15.63
Bangkok,Thailand,611.26,299.91,1819.06,803.37,2.81,668.6,1.16,12.62,0.99,2.07,19.58,2.7,4.38,7.42,0.51,1.79,2.37,1.67,61.07,0.89,3.52,20.69,55.13,0.95,5.04,1.78,23.74,85.25,1.51,0.05,35.61,5.57,88.52,1.04,1.13,2.2,1.24,244.68,13741.17,1.2,4978.84,2299.65,33.3,0.25,1.04,3.56,8.37,1.41,25233.71,88.89,38574.86,,0.51,22.25
Mumbai,India,515.42,263.33,1443.43,608.27,1.85,487.96,0.65,4.16,0.41,1.92,5.11,3.28,3.8,3.8,0.45,1.7,2.28,0.84,24.63,1.0,3.28,9.09,31.35,0.61,3.8,3.8,15.19,35.47,0.68,0.01,3.8,9.21,47.14,0.25,0.37,1.07,0.33,63.14,2070.3,0.73,6038.18,2404.08,29.83,0.28,0.28,1.27,8.89,0.47,20378.51,47.45,10757.68,,0.36,7.59
Reykjavik,Iceland,1458.29,1203.14,2332.0,1918.32,2.09,2908.86,1.66,20.84,2.91,4.11,12.29,14.72,10.18,11.57,2.61,2.46,8.73,4.8,54.44,1.63,2.4,59.63,108.5,2.2,11.64,17.96,109.16,164.79,1.2,0.15,93.15,6.3,126.37,3.42,1.42,1.96,1.86,245.58,6731.73,2.37,4384.32,3273.73,45.09,2.28,5.02,57.64,33.0,3.37,30138.76,88.14,26126.4,,1.57,18.19
Amman,Jordan,373.84,261.02,619.69,446.92,1.88,545.55,1.6,10.96,0.43,3.74,7.3,6.06,3.17,10.14,0.47,4.44,6.34,1.89,56.38,1.07,5.88,38.86,59.21,0.59,6.34,6.34,38.02,84.4,1.49,0.05,38.02,7.91,84.76,0.63,0.71,1.28,0.88,240.53,4568.62,1.43,1218.93,819.22,59.53,0.39,0.44,6.34,26.48,0.74,26341.51,80.62,30414.16,,0.53,19.01
Pune,India,205.68,127.68,400.17,259.74,2.05,531.09,0.68,4.74,0.44,1.61,5.77,3.01,3.8,3.54,0.44,1.62,2.28,0.85,16.08,1.0,2.61,11.7,34.41,0.56,3.16,3.16,12.66,37.77,0.63,0.01,12.66,9.27,46.57,0.25,0.37,1.09,0.33,71.29,1467.45,0.7,1491.93,808.94,31.74,0.23,0.63,1.27,5.09,0.48,21438.9,26.65,11390.48,,0.37,7.59
Stockholm,Sweden,1167.36,804.1,1930.04,1198.21,2.47,2476.17,2.21,14.86,2.18,3.64,8.17,9.81,6.17,12.82,2.3,1.82,6.55,2.81,37.83,1.49,1.88,27.98,85.93,1.81,7.6,11.4,66.47,126.6,1.16,0.12,84.51,2.46,92.5,3.8,1.2,2.35,1.18,116.13,5785.11,2.43,8841.79,5282.64,33.52,1.31,4.27,49.38,26.69,3.11,20991.58,75.9,20354.4,,1.61,9.5
Buenos Aires,Argentina,245.13,197.02,436.43,334.47,1.02,483.99,1.13,4.71,1.1,1.46,5.74,3.69,1.62,5.99,0.94,0.99,1.5,1.35,25.9,0.79,1.51,24.79,49.47,0.77,4.94,5.99,20.97,65.54,0.81,0.13,10.78,48.69,65.38,0.3,0.74,0.54,0.53,162.72,3114.28,0.77,2865.01,2208.84,39.77,0.34,0.72,4.12,9.29,1.02,16555.15,68.07,16200.77,,0.85,3.0
Minsk,Belarus,376.92,244.9,593.05,386.38,0.95,433.37,1.13,6.11,0.56,1.64,5.44,3.34,1.37,4.04,0.66,0.85,1.8,1.11,31.85,0.71,1.77,12.84,57.87,0.93,4.49,8.93,27.95,83.35,0.68,0.04,13.48,14.63,86.17,0.27,0.48,1.5,0.42,402.08,5345.2,1.02,1526.65,1067.94,34.32,0.25,1.68,2.59,15.41,1.76,17670.15,48.29,13477.27,,0.58,7.19
San Jose,Costa Rica,461.72,405.66,884.11,757.82,3.76,708.44,1.29,8.87,1.69,2.64,5.94,7.01,3.46,5.5,1.37,1.89,2.36,2.5,53.68,1.0,3.37,65.3,60.21,0.94,6.29,6.29,42.47,86.8,1.23,0.06,42.12,9.45,87.4,0.63,1.92,2.08,1.81,322.57,7231.91,1.82,1412.49,1305.61,43.17,1.04,1.02,5.95,24.9,2.28,23528.04,65.12,20446.99,,2.16,12.58
Casablanca,Morocco,386.18,180.27,793.74,383.51,1.33,405.7,1.21,7.43,0.84,1.51,7.19,4.39,3.28,5.63,0.46,2.08,2.58,1.2,24.49,0.97,2.03,31.63,44.09,0.34,5.16,4.45,20.63,77.22,0.67,0.13,21.57,4.87,73.19,0.47,0.52,0.52,0.46,142.24,4031.18,1.09,1769.77,875.41,34.81,0.68,0.7,4.11,15.63,0.44,19226.1,35.74,20632.89,,0.54,7.97
Lodz,Poland,362.66,280.88,593.51,473.31,0.66,689.44,0.98,7.2,0.61,1.73,5.53,3.77,3.78,5.9,0.99,0.69,1.77,1.76,26.35,1.17,1.0,12.53,57.47,0.7,4.25,4.72,23.61,63.83,0.55,0.06,21.25,3.77,63.26,0.66,0.82,1.07,0.49,230.29,3407.97,0.82,1351.78,1069.61,26.98,0.47,1.42,8.5,10.48,1.35,17681.61,172.01,18558.88,,0.44,4.72
Montreal,Canada,871.26,551.99,1481.25,942.77,2.55,2182.51,1.33,11.84,2.39,2.83,12.14,10.8,8.25,8.94,1.5,1.77,4.81,2.23,23.04,0.88,2.11,42.59,44.12,1.66,6.87,10.31,44.69,82.98,1.4,0.23,59.47,3.46,68.19,2.41,1.73,2.74,1.69,450.09,5704.32,2.09,3863.77,2297.9,31.69,1.2,2.41,26.81,11.17,3.01,15522.12,66.62,16499.14,,1.42,11.68
Sao Paulo,Brazil,448.08,294.58,879.31,580.49,1.44,470.25,1.08,6.13,1.35,1.46,7.78,2.76,2.19,7.68,1.1,1.17,1.97,1.62,25.41,0.92,2.45,24.2,40.04,0.59,5.92,6.58,28.51,54.2,0.74,0.37,45.82,9.67,71.26,0.94,1.0,0.94,0.98,382.48,10102.57,0.91,2337.54,1553.09,35.07,0.6,1.1,7.24,31.8,1.48,19475.33,54.21,20133.28,,0.61,8.77
Gothenburg,Sweden,952.59,715.92,1561.88,1138.77,2.4,2183.46,2.0,14.08,2.32,3.58,8.89,9.16,6.17,12.34,2.22,1.56,6.31,2.53,32.03,1.49,1.79,30.42,77.49,1.84,7.6,10.45,75.97,108.28,1.1,0.08,62.44,2.8,74.2,2.66,1.13,2.18,1.03,127.02,1660.95,2.31,5547.68,3692.31,36.36,1.36,4.84,51.18,20.7,2.83,18262.15,51.69,18991.75,,1.3,9.02
Dublin,Ireland,1692.24,1405.38,2964.36,2292.57,2.09,2531.16,1.9,9.24,1.42,3.2,7.51,8.35,12.7,12.0,1.8,2.42,5.8,2.79,40.22,1.44,2.69,54.01,77.61,0.96,8.0,15.0,60.0,95.52,0.95,0.26,125.0,3.43,85.42,3.0,1.14,2.3,1.56,1041.49,8078.42,1.59,5457.63,4134.61,35.45,1.35,4.0,26.73,15.94,2.77,25618.07,169.12,24000.0,,1.41,12.0
Moscow,Russia,888.23,518.48,1840.45,990.88,1.28,970.29,0.97,7.72,0.62,2.43,9.03,4.13,2.2,6.6,0.8,0.93,2.93,1.26,41.55,0.68,2.01,6.79,83.46,1.11,4.4,8.8,36.69,111.66,1.03,0.03,31.84,10.07,88.3,0.73,0.5,1.31,0.52,523.31,10478.53,1.09,5311.38,2540.11,44.54,0.21,1.89,7.92,25.26,2.21,19737.85,126.36,20969.6,,0.62,7.34
Santo Domingo,Dominican Republic,381.17,203.64,754.18,359.54,1.75,335.33,0.63,6.78,1.23,1.51,6.01,4.47,3.4,5.1,0.79,1.87,1.7,1.64,22.49,1.05,2.77,50.03,43.59,0.96,5.1,5.1,34.01,79.85,1.03,0.15,34.01,12.38,73.9,0.43,1.59,1.33,1.23,152.38,5318.02,0.93,1203.97,672.98,45.87,2.55,3.4,3.4,13.09,1.02,20430.09,53.67,20780.4,,1.17,10.2
Adelaide,Australia,817.81,601.79,1369.39,971.7,2.63,2653.26,2.11,10.09,1.44,2.63,5.91,6.45,18.64,9.32,2.15,3.41,4.97,2.5,34.05,0.93,4.07,41.95,56.55,1.76,6.84,11.19,40.39,76.91,0.97,0.32,61.52,4.1,75.21,2.36,1.52,2.12,1.75,396.25,8815.92,1.61,2482.56,1715.15,35.4,1.16,2.8,24.48,1.42,2.61,15167.61,119.44,15534.8,,1.46,9.32
Zurich,Switzerland,1701.77,1263.69,3099.86,2296.54,3.82,5714.8,2.89,46.09,2.88,4.66,22.63,25.23,7.86,16.64,3.87,1.79,6.24,5.33,76.33,1.53,2.55,48.71,106.93,2.58,12.94,23.12,92.46,171.22,1.58,0.26,78.59,1.57,111.39,3.88,2.69,4.1,2.75,2194.64,28414.08,2.52,11400.6,7405.74,46.47,4.16,6.47,73.78,32.9,3.79,21449.95,162.87,22606.84,,1.13,12.02
Yerevan,Armenia,320.04,170.55,664.25,313.63,0.9,295.66,1.2,5.96,0.43,1.95,4.29,4.17,1.13,4.7,0.6,0.75,1.13,1.44,43.14,0.83,1.23,14.09,51.8,0.37,4.6,4.7,22.54,69.2,0.82,0.03,11.27,11.59,73.47,0.19,0.5,1.07,0.44,141.66,3020.37,1.08,1383.05,714.57,37.56,0.19,1.13,2.25,11.31,0.71,19843.59,60.06,16043.44,,0.44,5.64
Manila,Philippines,552.51,192.18,1679.37,462.62,2.17,358.2,1.26,5.12,1.05,2.29,4.41,3.13,1.78,5.35,0.62,0.87,1.25,1.51,43.97,0.92,1.48,45.47,42.43,0.93,2.67,3.56,17.82,76.79,1.48,0.14,12.05,8.0,70.59,0.27,1.71,1.76,1.6,143.94,5990.32,0.91,2334.19,1128.49,26.97,0.24,0.71,2.14,5.35,1.21,16737.32,120.87,16000.78,,0.69,6.68
Brisbane,Australia,1041.75,757.35,1796.62,1148.61,2.58,3030.03,2.05,10.46,1.73,2.8,5.54,6.23,18.58,9.29,2.04,3.36,4.95,2.45,40.03,0.92,3.69,47.06,59.31,1.49,7.43,12.38,49.54,83.57,0.9,0.18,94.23,4.02,87.0,2.48,1.6,2.55,1.95,1074.36,8746.12,1.43,3996.61,2656.91,32.05,1.34,2.6,30.46,13.15,3.24,14810.45,108.52,15479.87,,1.34,12.38
Jakarta,Indonesia,401.19,224.82,1361.18,634.08,2.8,414.33,1.46,8.08,1.11,2.32,6.7,2.99,1.64,3.28,0.56,2.11,2.62,1.52,38.09,0.6,2.79,26.47,39.61,1.07,3.28,2.62,16.4,83.08,1.24,0.12,11.41,10.0,65.65,0.23,2.22,2.35,1.44,140.45,5755.87,0.86,2197.78,1104.45,29.82,0.33,0.46,2.76,9.24,1.38,27582.69,96.12,26244.34,,0.49,29.52
Ankara,Turkey,198.86,125.32,322.86,200.2,0.8,440.17,1.78,9.24,0.41,1.7,5.09,3.38,2.44,3.06,0.65,1.74,2.75,1.4,20.81,1.07,2.37,14.11,35.67,0.53,3.51,3.82,15.28,47.0,0.69,0.11,22.92,20.19,55.84,0.46,0.51,0.74,0.56,242.55,5303.45,1.26,692.22,420.59,24.1,0.46,0.69,3.82,9.5,0.79,20134.24,54.61,24198.72,,0.26,6.87
Lviv,Ukraine,364.65,249.9,589.43,414.33,0.76,341.38,1.13,5.65,0.46,1.15,5.59,3.6,1.54,3.75,0.48,0.62,1.5,1.21,17.16,1.14,1.32,4.44,59.94,0.62,3.56,3.75,18.76,97.41,0.85,0.03,5.63,18.96,85.5,0.26,0.41,1.33,0.38,192.51,2729.0,1.02,1182.64,609.22,40.06,0.26,1.88,3.0,8.84,1.34,20334.03,88.45,20706.61,,0.46,4.03
Novosibirsk,Russia,344.85,225.13,635.89,406.41,1.48,436.28,1.1,7.2,0.49,1.88,7.3,3.88,1.91,4.4,0.69,0.9,1.1,1.0,27.49,0.64,1.5,7.96,65.73,0.63,3.67,5.72,22.01,82.09,0.85,0.03,11.01,10.79,82.6,0.32,0.36,1.26,0.37,222.83,2474.58,0.95,1273.8,788.31,43.52,0.15,1.58,4.4,17.31,1.8,18129.31,94.51,18196.16,,0.5,5.87
Bursa,Turkey,177.53,121.74,315.38,203.48,0.81,443.85,1.73,10.08,0.42,1.59,5.93,3.15,2.29,3.06,0.7,1.64,2.37,1.63,23.4,1.05,2.14,12.93,29.38,0.53,3.06,3.82,11.47,46.84,0.69,0.12,22.95,19.05,57.01,0.51,0.55,0.81,0.5,200.51,4036.19,1.4,573.51,385.98,17.75,0.5,0.64,2.75,8.21,0.79,20892.07,67.46,22948.67,,0.29,7.65
Brussels,Belgium,838.2,686.19,1432.14,1116.71,2.17,2289.69,1.63,13.56,1.64,3.17,13.14,9.07,6.7,11.0,2.47,1.24,4.0,2.65,26.11,1.44,1.87,43.43,72.59,1.29,8.2,15.0,60.0,116.11,0.97,0.23,49.0,1.68,78.65,2.1,1.3,2.24,1.5,695.44,18342.86,2.19,3232.14,2538.1,33.81,1.95,3.0,30.0,16.94,2.07,21788.33,122.98,20200.0,,0.94,7.0
Jerusalem,Israel,919.4,740.05,1577.52,1213.39,2.76,1911.12,1.78,13.52,1.54,2.8,10.63,8.33,9.08,10.37,2.07,2.02,7.26,3.32,71.27,1.67,3.04,24.16,81.25,1.19,12.97,15.56,62.24,110.38,1.43,0.13,55.23,3.75,104.25,1.53,0.94,1.35,0.89,566.18,4019.43,2.06,7929.81,4754.16,56.11,0.95,3.11,21.24,16.6,1.31,34921.49,166.88,34229.98,,1.5,10.37
Melbourne,Australia,1134.86,859.46,2027.71,1341.31,2.56,2791.96,2.2,9.42,1.88,2.63,6.12,6.64,19.01,12.38,1.91,3.13,5.57,2.85,46.28,0.91,3.37,43.28,61.86,1.57,7.12,10.22,49.54,84.07,0.9,0.12,95.36,4.11,75.79,2.72,1.78,2.15,2.24,1250.41,12874.09,1.58,5967.57,4802.08,36.07,1.11,3.1,21.18,14.14,3.06,15221.84,127.87,15479.87,,1.28,9.29
Perth,Australia,897.5,639.56,1474.61,982.76,2.41,2493.77,2.11,9.49,1.76,2.86,6.52,6.9,18.64,11.19,1.79,2.99,5.9,2.59,39.32,0.87,3.96,43.78,57.64,1.26,7.32,12.43,56.55,86.35,1.03,0.32,84.02,4.31,76.64,2.58,1.29,2.15,1.54,1190.12,11526.08,1.96,4005.94,2866.79,32.49,1.07,3.11,30.45,11.99,2.4,15239.2,129.02,16149.98,,1.68,9.32
Sydney,Australia,1568.39,1140.67,2674.32,1810.32,2.77,3018.36,2.17,11.24,1.85,2.48,7.68,7.15,20.82,12.43,1.99,3.42,4.97,2.79,47.37,0.93,3.73,43.51,61.22,1.59,7.15,11.81,54.37,94.94,0.9,0.38,130.49,3.82,86.5,2.73,1.72,2.38,2.08,1389.43,11933.55,1.65,8435.22,5375.57,38.11,1.37,2.49,35.05,13.5,3.01,15066.62,110.7,15845.5,,1.29,11.19
Alexandria,Egypt,142.04,84.65,285.82,169.03,1.48,163.94,0.66,8.37,0.51,1.45,3.68,4.07,2.25,3.66,0.32,1.31,1.69,1.02,19.58,0.39,1.97,16.57,32.34,0.2,3.38,2.81,14.06,49.58,0.81,0.01,8.44,16.17,114.49,0.23,0.31,0.4,0.37,55.41,2132.54,0.66,672.49,291.12,40.48,0.14,0.34,2.25,7.52,0.39,23071.86,18.56,23626.73,,0.26,7.03
Quito,Ecuador,369.07,221.89,680.28,447.51,2.07,527.18,0.99,6.46,1.35,1.81,5.47,6.01,4.49,5.39,0.71,1.26,1.35,1.59,40.91,0.54,2.55,36.77,56.57,0.58,5.39,3.59,31.45,84.05,0.87,0.11,23.81,10.71,88.39,0.22,0.94,1.32,1.02,276.63,6410.05,1.34,1388.16,947.32,41.74,1.35,1.35,8.98,16.73,1.06,25324.92,39.64,21563.64,,0.93,11.68
